--------------------------------------------------------
-- Archivo creado  - lunes-febrero-17-2025   
--------------------------------------------------------
--------------------------------------------------------
--  DDL for Table ALERTS
--------------------------------------------------------

  CREATE TABLE "FSIII_USER"."ALERTS" 
   (	"ID" NUMBER(19,0) GENERATED ALWAYS AS IDENTITY MINVALUE 1 MAXVALUE 9999999999999999999999999999 INCREMENT BY 1 START WITH 1 CACHE 20 NOORDER  NOCYCLE  NOKEEP  NOSCALE , 
	"ALERT_TYPE" VARCHAR2(255 CHAR) COLLATE "USING_NLS_COMP", 
	"DESCRIPTION" VARCHAR2(255 CHAR) COLLATE "USING_NLS_COMP", 
	"IS_ACTIVE" NUMBER(1,0), 
	"SEVERITY" VARCHAR2(255 CHAR) COLLATE "USING_NLS_COMP", 
	"TIMESTAMP" TIMESTAMP (6), 
	"PATIENT_ID" NUMBER(19,0)
   )  DEFAULT COLLATION "USING_NLS_COMP" SEGMENT CREATION IMMEDIATE 
  PCTFREE 10 PCTUSED 40 INITRANS 10 MAXTRANS 255 
 NOCOMPRESS LOGGING
  STORAGE(INITIAL 65536 NEXT 1048576 MINEXTENTS 1 MAXEXTENTS 2147483645
  PCTINCREASE 0 FREELISTS 1 FREELIST GROUPS 1
  BUFFER_POOL DEFAULT FLASH_CACHE DEFAULT CELL_FLASH_CACHE DEFAULT)
  TABLESPACE "DATA" ;
--------------------------------------------------------
--  DDL for Table PATIENTS
--------------------------------------------------------

  CREATE TABLE "FSIII_USER"."PATIENTS" 
   (	"ID" NUMBER(19,0) GENERATED ALWAYS AS IDENTITY MINVALUE 1 MAXVALUE 9999999999999999999999999999 INCREMENT BY 1 START WITH 1 CACHE 20 NOORDER  NOCYCLE  NOKEEP  NOSCALE , 
	"DATE_OF_BIRTH" TIMESTAMP (6), 
	"MEDICAL_HISTORY" VARCHAR2(255 CHAR) COLLATE "USING_NLS_COMP", 
	"NAME" VARCHAR2(255 CHAR) COLLATE "USING_NLS_COMP", 
	"ROOM_NUMBER" VARCHAR2(255 CHAR) COLLATE "USING_NLS_COMP", 
	"RUT" VARCHAR2(255 CHAR) COLLATE "USING_NLS_COMP"
   )  DEFAULT COLLATION "USING_NLS_COMP" SEGMENT CREATION IMMEDIATE 
  PCTFREE 10 PCTUSED 40 INITRANS 10 MAXTRANS 255 
 NOCOMPRESS LOGGING
  STORAGE(INITIAL 65536 NEXT 1048576 MINEXTENTS 1 MAXEXTENTS 2147483645
  PCTINCREASE 0 FREELISTS 1 FREELIST GROUPS 1
  BUFFER_POOL DEFAULT FLASH_CACHE DEFAULT CELL_FLASH_CACHE DEFAULT)
  TABLESPACE "DATA" ;
--------------------------------------------------------
--  DDL for Table USUARIOS
--------------------------------------------------------

  CREATE TABLE "FSIII_USER"."USUARIOS" 
   (	"ID" NUMBER(19,0) GENERATED ALWAYS AS IDENTITY MINVALUE 1 MAXVALUE 9999999999999999999999999999 INCREMENT BY 1 START WITH 1 CACHE 20 NOORDER  NOCYCLE  NOKEEP  NOSCALE , 
	"APELLIDO" VARCHAR2(255 CHAR) COLLATE "USING_NLS_COMP", 
	"DIRECCION" VARCHAR2(255 CHAR) COLLATE "USING_NLS_COMP", 
	"EMAIL" VARCHAR2(255 CHAR) COLLATE "USING_NLS_COMP", 
	"FECHA_CREACION" TIMESTAMP (6), 
	"NOMBRE" VARCHAR2(255 CHAR) COLLATE "USING_NLS_COMP", 
	"PASSWORD" VARCHAR2(255 CHAR) COLLATE "USING_NLS_COMP", 
	"ROLE" VARCHAR2(255 CHAR) COLLATE "USING_NLS_COMP", 
	"TELEFONO" VARCHAR2(255 CHAR) COLLATE "USING_NLS_COMP", 
	"ULTIMA_ACTUALIZACION" TIMESTAMP (6)
   )  DEFAULT COLLATION "USING_NLS_COMP" SEGMENT CREATION IMMEDIATE 
  PCTFREE 10 PCTUSED 40 INITRANS 10 MAXTRANS 255 
 NOCOMPRESS LOGGING
  STORAGE(INITIAL 65536 NEXT 1048576 MINEXTENTS 1 MAXEXTENTS 2147483645
  PCTINCREASE 0 FREELISTS 1 FREELIST GROUPS 1
  BUFFER_POOL DEFAULT FLASH_CACHE DEFAULT CELL_FLASH_CACHE DEFAULT)
  TABLESPACE "DATA" ;
--------------------------------------------------------
--  DDL for Table VITAL_SIGNS
--------------------------------------------------------

  CREATE TABLE "FSIII_USER"."VITAL_SIGNS" 
   (	"ID" NUMBER(19,0) GENERATED ALWAYS AS IDENTITY MINVALUE 1 MAXVALUE 9999999999999999999999999999 INCREMENT BY 1 START WITH 1 CACHE 20 NOORDER  NOCYCLE  NOKEEP  NOSCALE , 
	"BLOOD_PRESSURE_DIASTOLIC" FLOAT(53), 
	"BLOOD_PRESSURE_SYSTOLIC" FLOAT(53), 
	"BODY_TEMPERATURE" FLOAT(53), 
	"HEART_RATE" FLOAT(53), 
	"OXYGEN_SATURATION" FLOAT(53), 
	"TIMESTAMP" TIMESTAMP (6), 
	"PATIENT_ID" NUMBER(19,0)
   )  DEFAULT COLLATION "USING_NLS_COMP" SEGMENT CREATION IMMEDIATE 
  PCTFREE 10 PCTUSED 40 INITRANS 10 MAXTRANS 255 
 NOCOMPRESS LOGGING
  STORAGE(INITIAL 65536 NEXT 1048576 MINEXTENTS 1 MAXEXTENTS 2147483645
  PCTINCREASE 0 FREELISTS 1 FREELIST GROUPS 1
  BUFFER_POOL DEFAULT FLASH_CACHE DEFAULT CELL_FLASH_CACHE DEFAULT)
  TABLESPACE "DATA" ;
--------------------------------------------------------
--  DDL for Table PRODUCTOS
--------------------------------------------------------

  CREATE TABLE "FSIII_USER"."PRODUCTOS" 
   (	"ID" NUMBER(19,0) GENERATED ALWAYS AS IDENTITY MINVALUE 1 MAXVALUE 9999999999999999999999999999 INCREMENT BY 1 START WITH 1 CACHE 20 NOORDER  NOCYCLE  NOKEEP  NOSCALE , 
	"ACTIVO" NUMBER(1,0), 
	"CATEGORIA" VARCHAR2(255 CHAR) COLLATE "USING_NLS_COMP", 
	"DESCRIPCION" VARCHAR2(1000 CHAR) COLLATE "USING_NLS_COMP", 
	"FECHA_CREACION" TIMESTAMP (6), 
	"IMAGEN_URL" VARCHAR2(255 CHAR) COLLATE "USING_NLS_COMP", 
	"NOMBRE" VARCHAR2(255 CHAR) COLLATE "USING_NLS_COMP", 
	"PRECIO" NUMBER(38,2), 
	"STOCK" NUMBER(10,0), 
	"ULTIMA_ACTUALIZACION" TIMESTAMP (6)
   )  DEFAULT COLLATION "USING_NLS_COMP" SEGMENT CREATION IMMEDIATE 
  PCTFREE 10 PCTUSED 40 INITRANS 10 MAXTRANS 255 
 NOCOMPRESS LOGGING
  STORAGE(INITIAL 65536 NEXT 1048576 MINEXTENTS 1 MAXEXTENTS 2147483645
  PCTINCREASE 0 FREELISTS 1 FREELIST GROUPS 1
  BUFFER_POOL DEFAULT FLASH_CACHE DEFAULT CELL_FLASH_CACHE DEFAULT)
  TABLESPACE "DATA" ;
--------------------------------------------------------
--  DDL for Table ORDENES
--------------------------------------------------------

  CREATE TABLE "FSIII_USER"."ORDENES" 
   (	"TOTAL" NUMBER(38,2), 
	"FECHA_CREACION" TIMESTAMP (6), 
	"ID" NUMBER(19,0) GENERATED ALWAYS AS IDENTITY MINVALUE 1 MAXVALUE 9999999999999999999999999999 INCREMENT BY 1 START WITH 1 CACHE 20 NOORDER  NOCYCLE  NOKEEP  NOSCALE , 
	"ULTIMA_ACTUALIZACION" TIMESTAMP (6), 
	"USER_ID" NUMBER(19,0), 
	"STATUS" VARCHAR2(255 CHAR) COLLATE "USING_NLS_COMP", 
	"USER_NAME" VARCHAR2(255 CHAR) COLLATE "USING_NLS_COMP"
   )  DEFAULT COLLATION "USING_NLS_COMP" SEGMENT CREATION IMMEDIATE 
  PCTFREE 10 PCTUSED 40 INITRANS 10 MAXTRANS 255 
 NOCOMPRESS LOGGING
  STORAGE(INITIAL 65536 NEXT 1048576 MINEXTENTS 1 MAXEXTENTS 2147483645
  PCTINCREASE 0 FREELISTS 1 FREELIST GROUPS 1
  BUFFER_POOL DEFAULT FLASH_CACHE DEFAULT CELL_FLASH_CACHE DEFAULT)
  TABLESPACE "DATA" ;
--------------------------------------------------------
--  DDL for Table ORDEN_ITEMS
--------------------------------------------------------

  CREATE TABLE "FSIII_USER"."ORDEN_ITEMS" 
   (	"PRICE" NUMBER(38,2), 
	"QUANTITY" NUMBER(10,0), 
	"SUBTOTAL" NUMBER(38,2), 
	"ID" NUMBER(19,0) GENERATED ALWAYS AS IDENTITY MINVALUE 1 MAXVALUE 9999999999999999999999999999 INCREMENT BY 1 START WITH 1 CACHE 20 NOORDER  NOCYCLE  NOKEEP  NOSCALE , 
	"ORDER_ID" NUMBER(19,0), 
	"PRODUCT_ID" NUMBER(19,0), 
	"PRODUCT_NAME" VARCHAR2(255 CHAR) COLLATE "USING_NLS_COMP"
   )  DEFAULT COLLATION "USING_NLS_COMP" SEGMENT CREATION IMMEDIATE 
  PCTFREE 10 PCTUSED 40 INITRANS 10 MAXTRANS 255 
 NOCOMPRESS LOGGING
  STORAGE(INITIAL 65536 NEXT 1048576 MINEXTENTS 1 MAXEXTENTS 2147483645
  PCTINCREASE 0 FREELISTS 1 FREELIST GROUPS 1
  BUFFER_POOL DEFAULT FLASH_CACHE DEFAULT CELL_FLASH_CACHE DEFAULT)
  TABLESPACE "DATA" ;
--------------------------------------------------------
--  DDL for Table MESSAGES
--------------------------------------------------------

  CREATE TABLE "FSIII_USER"."MESSAGES" 
   (	"ID" NUMBER(19,0) GENERATED ALWAYS AS IDENTITY MINVALUE 1 MAXVALUE 9999999999999999999999999999 INCREMENT BY 1 START WITH 1 CACHE 20 NOORDER  NOCYCLE  NOKEEP  NOSCALE , 
	"CONTENT" VARCHAR2(255 CHAR) COLLATE "USING_NLS_COMP", 
	"CREATED_AT" TIMESTAMP (6), 
	"ROUTING_KEY" VARCHAR2(255 CHAR) COLLATE "USING_NLS_COMP"
   )  DEFAULT COLLATION "USING_NLS_COMP" SEGMENT CREATION IMMEDIATE 
  PCTFREE 10 PCTUSED 40 INITRANS 10 MAXTRANS 255 
 NOCOMPRESS LOGGING
  STORAGE(INITIAL 65536 NEXT 1048576 MINEXTENTS 1 MAXEXTENTS 2147483645
  PCTINCREASE 0 FREELISTS 1 FREELIST GROUPS 1
  BUFFER_POOL DEFAULT FLASH_CACHE DEFAULT CELL_FLASH_CACHE DEFAULT)
  TABLESPACE "DATA" ;
--------------------------------------------------------
--  DDL for Table LIBROS
--------------------------------------------------------

  CREATE TABLE "FSIII_USER"."LIBROS" 
   (	"ANIO_PUBLICACION" NUMBER(10,0), 
	"ID" NUMBER(19,0) GENERATED ALWAYS AS IDENTITY MINVALUE 1 MAXVALUE 9999999999999999999999999999 INCREMENT BY 1 START WITH 1 CACHE 20 NOORDER  NOCYCLE  NOKEEP  NOSCALE , 
	"AUTOR" VARCHAR2(255 CHAR) COLLATE "USING_NLS_COMP", 
	"GENERO" VARCHAR2(255 CHAR) COLLATE "USING_NLS_COMP", 
	"TITULO" VARCHAR2(255 CHAR) COLLATE "USING_NLS_COMP"
   )  DEFAULT COLLATION "USING_NLS_COMP" SEGMENT CREATION IMMEDIATE 
  PCTFREE 10 PCTUSED 40 INITRANS 10 MAXTRANS 255 
 NOCOMPRESS LOGGING
  STORAGE(INITIAL 65536 NEXT 1048576 MINEXTENTS 1 MAXEXTENTS 2147483645
  PCTINCREASE 0 FREELISTS 1 FREELIST GROUPS 1
  BUFFER_POOL DEFAULT FLASH_CACHE DEFAULT CELL_FLASH_CACHE DEFAULT)
  TABLESPACE "DATA" ;
REM INSERTING into FSIII_USER.ALERTS
SET DEFINE OFF;
REM INSERTING into FSIII_USER.PATIENTS
SET DEFINE OFF;
Insert into FSIII_USER.PATIENTS (ID,DATE_OF_BIRTH,MEDICAL_HISTORY,NAME,ROOM_NUMBER,RUT) values ('7',to_timestamp('22/05/93 00:00:00,000000000','DD/MM/RR HH24:MI:SSXFF'),'Asma y rinitis','Jaime Zapata','132C','18259920-4');
Insert into FSIII_USER.PATIENTS (ID,DATE_OF_BIRTH,MEDICAL_HISTORY,NAME,ROOM_NUMBER,RUT) values ('23',to_timestamp('21/11/76 00:00:00,000000000','DD/MM/RR HH24:MI:SSXFF'),'Arritmia cardíaca, Hipertensión detectada','Gonzalo Duran','466C','12959664-3');
Insert into FSIII_USER.PATIENTS (ID,DATE_OF_BIRTH,MEDICAL_HISTORY,NAME,ROOM_NUMBER,RUT) values ('4',to_timestamp('19/12/75 21:00:00,000000000','DD/MM/RR HH24:MI:SSXFF'),'Arritmia cardíaca','Carlos Soto','405C','15789456-8');
Insert into FSIII_USER.PATIENTS (ID,DATE_OF_BIRTH,MEDICAL_HISTORY,NAME,ROOM_NUMBER,RUT) values ('1',to_timestamp('14/05/80 20:00:00,000000000','DD/MM/RR HH24:MI:SSXFF'),'Hipertensión, Diabetes tipo 2','Juan Pérez','301A','12345678-9');
Insert into FSIII_USER.PATIENTS (ID,DATE_OF_BIRTH,MEDICAL_HISTORY,NAME,ROOM_NUMBER,RUT) values ('2',to_timestamp('22/08/92 20:00:00,000000000','DD/MM/RR HH24:MI:SSXFF'),'Asma','María González','205B','98765432-1');
REM INSERTING into FSIII_USER.USUARIOS
SET DEFINE OFF;
Insert into FSIII_USER.USUARIOS (ID,APELLIDO,DIRECCION,EMAIL,FECHA_CREACION,NOMBRE,PASSWORD,ROLE,TELEFONO,ULTIMA_ACTUALIZACION) values ('1','Sistema','Oficina Central','admin@tienda.com',to_timestamp('25/10/24 21:51:12,170940000','DD/MM/RR HH24:MI:SSXFF'),'Admin','admin123','ADMIN','+56912345678',to_timestamp('25/10/24 21:51:12,170940000','DD/MM/RR HH24:MI:SSXFF'));
Insert into FSIII_USER.USUARIOS (ID,APELLIDO,DIRECCION,EMAIL,FECHA_CREACION,NOMBRE,PASSWORD,ROLE,TELEFONO,ULTIMA_ACTUALIZACION) values ('163','Duran','Araucaria 8417 La Florida','gon.duran@duocuc.cl',to_timestamp('07/01/25 00:14:49,925473000','DD/MM/RR HH24:MI:SSXFF'),'Gonzalo','azure-login','CLIENTE','977992993',to_timestamp('07/01/25 00:14:49,925486000','DD/MM/RR HH24:MI:SSXFF'));
Insert into FSIII_USER.USUARIOS (ID,APELLIDO,DIRECCION,EMAIL,FECHA_CREACION,NOMBRE,PASSWORD,ROLE,TELEFONO,ULTIMA_ACTUALIZACION) values ('104','Salinas','canal sarmiento 6412 666','jzapata@crell.cl',to_timestamp('08/12/24 15:05:08,242839000','DD/MM/RR HH24:MI:SSXFF'),'James','123456','CLIENTE','979483666',to_timestamp('04/01/25 14:43:19,165506000','DD/MM/RR HH24:MI:SSXFF'));
Insert into FSIII_USER.USUARIOS (ID,APELLIDO,DIRECCION,EMAIL,FECHA_CREACION,NOMBRE,PASSWORD,ROLE,TELEFONO,ULTIMA_ACTUALIZACION) values ('161','Zapata','Bosque de Viento 6412','jaime717@hotmail.es',to_timestamp('06/01/25 00:40:28,030557000','DD/MM/RR HH24:MI:SSXFF'),'Jaime','azure-login','CLIENTE','979483321',to_timestamp('06/01/25 00:40:28,030562000','DD/MM/RR HH24:MI:SSXFF'));
Insert into FSIII_USER.USUARIOS (ID,APELLIDO,DIRECCION,EMAIL,FECHA_CREACION,NOMBRE,PASSWORD,ROLE,TELEFONO,ULTIMA_ACTUALIZACION) values ('162','EIRL','Canal Sarmiento 6412','jzapata@animalsur.cl',to_timestamp('06/01/25 22:16:52,498044000','DD/MM/RR HH24:MI:SSXFF'),'Animalsur','azure-login','ADMIN','987654321',to_timestamp('06/01/25 22:17:45,018142000','DD/MM/RR HH24:MI:SSXFF'));
REM INSERTING into FSIII_USER.VITAL_SIGNS
SET DEFINE OFF;
REM INSERTING into FSIII_USER.PRODUCTOS
SET DEFINE OFF;
Insert into FSIII_USER.PRODUCTOS (ID,ACTIVO,CATEGORIA,DESCRIPCION,FECHA_CREACION,IMAGEN_URL,NOMBRE,PRECIO,STOCK,ULTIMA_ACTUALIZACION) values ('161','1','Frutas','Limón Malla, 1 kg',to_timestamp('04/01/25 14:28:25,319048000','DD/MM/RR HH24:MI:SSXFF'),'https://www.pehuenalimentos.cl/wp-content/uploads/2021/04/malla-limon-5-k.jpg','Limón Malla, 1 kg','1690','1000',to_timestamp('06/01/25 21:49:58,198709000','DD/MM/RR HH24:MI:SSXFF'));
Insert into FSIII_USER.PRODUCTOS (ID,ACTIVO,CATEGORIA,DESCRIPCION,FECHA_CREACION,IMAGEN_URL,NOMBRE,PRECIO,STOCK,ULTIMA_ACTUALIZACION) values ('162','1','Frutas','Naranja Malla, 1,5 kg',to_timestamp('04/01/25 14:30:00,261327000','DD/MM/RR HH24:MI:SSXFF'),'https://santaisabel.vtexassets.com/arquivos/ids/161015/Naranja-malla-2-kg.jpg?v=637469590608670000','Naranja Malla, 1,5 kg','2690','1500',to_timestamp('04/01/25 14:30:00,261330000','DD/MM/RR HH24:MI:SSXFF'));
Insert into FSIII_USER.PRODUCTOS (ID,ACTIVO,CATEGORIA,DESCRIPCION,FECHA_CREACION,IMAGEN_URL,NOMBRE,PRECIO,STOCK,ULTIMA_ACTUALIZACION) values ('163','1','Frutas','3 a 4 un aprox',to_timestamp('04/01/25 14:31:12,469021000','DD/MM/RR HH24:MI:SSXFF'),'https://santaisabel.vteximg.com.br/arquivos/ids/169527-280-280?width=280&height=280&aspect=true','Plátano Granel 500 g','725','2500',to_timestamp('04/01/25 14:31:12,469026000','DD/MM/RR HH24:MI:SSXFF'));
Insert into FSIII_USER.PRODUCTOS (ID,ACTIVO,CATEGORIA,DESCRIPCION,FECHA_CREACION,IMAGEN_URL,NOMBRE,PRECIO,STOCK,ULTIMA_ACTUALIZACION) values ('170','1','Frutas','Manzana Roja Kg',to_timestamp('06/01/25 22:22:39,102343000','DD/MM/RR HH24:MI:SSXFF'),'https://cugat.cl/wp-content/uploads/2021/04/2542013000007-2.jpg','Manzana Roja Kg','990','1700',to_timestamp('06/01/25 22:22:39,102360000','DD/MM/RR HH24:MI:SSXFF'));
Insert into FSIII_USER.PRODUCTOS (ID,ACTIVO,CATEGORIA,DESCRIPCION,FECHA_CREACION,IMAGEN_URL,NOMBRE,PRECIO,STOCK,ULTIMA_ACTUALIZACION) values ('164','1','Frutas','Palta Hass Malla, 700 g',to_timestamp('04/01/25 14:32:31,647270000','DD/MM/RR HH24:MI:SSXFF'),'https://encrypted-tbn0.gstatic.com/images?q=tbn:ANd9GcQRtKlMHAnNDYS4y0eTusH-S1ZPrfVrdJhbEdNzReE-AuG-UBdPfrWVamyQ035wcgpiNjg&usqp=CAU','Palta Hass Malla, 700 g','2990','800',to_timestamp('04/01/25 14:32:31,647273000','DD/MM/RR HH24:MI:SSXFF'));
Insert into FSIII_USER.PRODUCTOS (ID,ACTIVO,CATEGORIA,DESCRIPCION,FECHA_CREACION,IMAGEN_URL,NOMBRE,PRECIO,STOCK,ULTIMA_ACTUALIZACION) values ('165','1','Verduras','Tomate Larga Vida Malla, 1 Kg',to_timestamp('04/01/25 14:33:58,853299000','DD/MM/RR HH24:MI:SSXFF'),'https://santaisabel.vtexassets.com/arquivos/ids/180885/261296-01_5641.jpg?v=637667013727500000','Tomate Larga Vida Malla, 1 Kg','1950','5000',to_timestamp('04/01/25 14:33:58,853305000','DD/MM/RR HH24:MI:SSXFF'));
Insert into FSIII_USER.PRODUCTOS (ID,ACTIVO,CATEGORIA,DESCRIPCION,FECHA_CREACION,IMAGEN_URL,NOMBRE,PRECIO,STOCK,ULTIMA_ACTUALIZACION) values ('166','1','Verduras','Cebolla Malla, 1 Kg',to_timestamp('04/01/25 14:34:36,805258000','DD/MM/RR HH24:MI:SSXFF'),'https://encrypted-tbn0.gstatic.com/images?q=tbn:ANd9GcQa-v2PlEB1qaikXC0CdL40Ri_HagGA9afuodBhdLonLOt26jCg6FuWFq_grkxYgZuEvRU&usqp=CAU','Cebolla Malla, 1 Kg','1650','800',to_timestamp('04/01/25 14:34:36,805262000','DD/MM/RR HH24:MI:SSXFF'));
Insert into FSIII_USER.PRODUCTOS (ID,ACTIVO,CATEGORIA,DESCRIPCION,FECHA_CREACION,IMAGEN_URL,NOMBRE,PRECIO,STOCK,ULTIMA_ACTUALIZACION) values ('167','1','Verduras','Zapallo Italiano Unidad, 1 Un',to_timestamp('04/01/25 14:35:27,516372000','DD/MM/RR HH24:MI:SSXFF'),'https://5aldia.cl/wp-content/uploads/2018/03/zapallito.jpg','Zapallo Italiano Unidad','790','120',to_timestamp('04/01/25 14:35:27,516375000','DD/MM/RR HH24:MI:SSXFF'));
Insert into FSIII_USER.PRODUCTOS (ID,ACTIVO,CATEGORIA,DESCRIPCION,FECHA_CREACION,IMAGEN_URL,NOMBRE,PRECIO,STOCK,ULTIMA_ACTUALIZACION) values ('168','1','Verduras','Brócoli, 1 Un',to_timestamp('04/01/25 14:37:30,375609000','DD/MM/RR HH24:MI:SSXFF'),'https://cdn0.uncomo.com/es/posts/3/2/4/cuales_son_los_beneficios_del_brocoli_25423_600.jpg','Brócoli, 1 Un','1690','500',to_timestamp('04/01/25 14:37:30,379342000','DD/MM/RR HH24:MI:SSXFF'));
Insert into FSIII_USER.PRODUCTOS (ID,ACTIVO,CATEGORIA,DESCRIPCION,FECHA_CREACION,IMAGEN_URL,NOMBRE,PRECIO,STOCK,ULTIMA_ACTUALIZACION) values ('169','1','Verduras','Pepino Ensalada, 1 Unidad',to_timestamp('06/01/25 22:21:11,700754000','DD/MM/RR HH24:MI:SSXFF'),'https://images.lider.cl/wmtcl?source=url[file:/productos/328716b.jpg]&scale=size[449x449]&sink','Pepino Ensalada, 1 Unidad','760','850',to_timestamp('06/01/25 22:21:11,704618000','DD/MM/RR HH24:MI:SSXFF'));
REM INSERTING into FSIII_USER.ORDENES
SET DEFINE OFF;
Insert into FSIII_USER.ORDENES (TOTAL,FECHA_CREACION,ID,ULTIMA_ACTUALIZACION,USER_ID,STATUS,USER_NAME) values ('1690',to_timestamp('07/01/25 00:42:40,820180000','DD/MM/RR HH24:MI:SSXFF'),'65',to_timestamp('07/01/25 01:00:20,894184000','DD/MM/RR HH24:MI:SSXFF'),'163','ENTREGADA','Gonzalo Duran');
Insert into FSIII_USER.ORDENES (TOTAL,FECHA_CREACION,ID,ULTIMA_ACTUALIZACION,USER_ID,STATUS,USER_NAME) values ('3680',to_timestamp('07/01/25 00:21:34,732449000','DD/MM/RR HH24:MI:SSXFF'),'64',to_timestamp('07/01/25 01:00:23,580078000','DD/MM/RR HH24:MI:SSXFF'),'163','ENTREGADA','Gonzalo Duran');
Insert into FSIII_USER.ORDENES (TOTAL,FECHA_CREACION,ID,ULTIMA_ACTUALIZACION,USER_ID,STATUS,USER_NAME) values ('6395',to_timestamp('07/01/25 00:59:37,436973000','DD/MM/RR HH24:MI:SSXFF'),'66',to_timestamp('07/01/25 01:00:26,510308000','DD/MM/RR HH24:MI:SSXFF'),'161','ENTREGADA','Jaime Zapata');
Insert into FSIII_USER.ORDENES (TOTAL,FECHA_CREACION,ID,ULTIMA_ACTUALIZACION,USER_ID,STATUS,USER_NAME) values ('5830',to_timestamp('06/01/25 01:55:49,214797000','DD/MM/RR HH24:MI:SSXFF'),'62',to_timestamp('07/01/25 01:00:32,995720000','DD/MM/RR HH24:MI:SSXFF'),'161','CANCELADA','Jaime Zapata');
Insert into FSIII_USER.ORDENES (TOTAL,FECHA_CREACION,ID,ULTIMA_ACTUALIZACION,USER_ID,STATUS,USER_NAME) values ('12185',to_timestamp('04/01/25 14:42:58,943056000','DD/MM/RR HH24:MI:SSXFF'),'61',to_timestamp('06/01/25 22:22:50,615388000','DD/MM/RR HH24:MI:SSXFF'),'104','ENTREGADA','jaime2 zapata2');
Insert into FSIII_USER.ORDENES (TOTAL,FECHA_CREACION,ID,ULTIMA_ACTUALIZACION,USER_ID,STATUS,USER_NAME) values ('5670',to_timestamp('06/01/25 22:24:27,337069000','DD/MM/RR HH24:MI:SSXFF'),'63',to_timestamp('07/01/25 01:00:28,647520000','DD/MM/RR HH24:MI:SSXFF'),'161','ENTREGADA','Jaime Zapata');
REM INSERTING into FSIII_USER.ORDEN_ITEMS
SET DEFINE OFF;
Insert into FSIII_USER.ORDEN_ITEMS (PRICE,QUANTITY,SUBTOTAL,ID,ORDER_ID,PRODUCT_ID,PRODUCT_NAME) values ('990','1','990','72','64','170','Manzana Roja Kg');
Insert into FSIII_USER.ORDEN_ITEMS (PRICE,QUANTITY,SUBTOTAL,ID,ORDER_ID,PRODUCT_ID,PRODUCT_NAME) values ('2690','1','2690','73','64','162','Naranja Malla, 1,5 kg');
Insert into FSIII_USER.ORDEN_ITEMS (PRICE,QUANTITY,SUBTOTAL,ID,ORDER_ID,PRODUCT_ID,PRODUCT_NAME) values ('990','1','990','75','66','170','Manzana Roja Kg');
Insert into FSIII_USER.ORDEN_ITEMS (PRICE,QUANTITY,SUBTOTAL,ID,ORDER_ID,PRODUCT_ID,PRODUCT_NAME) values ('1690','1','1690','76','66','161','Limón Malla, 1 kg');
Insert into FSIII_USER.ORDEN_ITEMS (PRICE,QUANTITY,SUBTOTAL,ID,ORDER_ID,PRODUCT_ID,PRODUCT_NAME) values ('2990','1','2990','77','66','164','Palta Hass Malla, 700 g');
Insert into FSIII_USER.ORDEN_ITEMS (PRICE,QUANTITY,SUBTOTAL,ID,ORDER_ID,PRODUCT_ID,PRODUCT_NAME) values ('725','1','725','78','66','163','Plátano Granel 500 g');
Insert into FSIII_USER.ORDEN_ITEMS (PRICE,QUANTITY,SUBTOTAL,ID,ORDER_ID,PRODUCT_ID,PRODUCT_NAME) values ('1690','1','1690','74','65','161','Limón Malla, 1 kg');
Insert into FSIII_USER.ORDEN_ITEMS (PRICE,QUANTITY,SUBTOTAL,ID,ORDER_ID,PRODUCT_ID,PRODUCT_NAME) values ('1690','1','1690','66','62','161','Limón Malla, 1 kg');
Insert into FSIII_USER.ORDEN_ITEMS (PRICE,QUANTITY,SUBTOTAL,ID,ORDER_ID,PRODUCT_ID,PRODUCT_NAME) values ('2690','1','2690','67','62','162','Naranja Malla, 1,5 kg');
Insert into FSIII_USER.ORDEN_ITEMS (PRICE,QUANTITY,SUBTOTAL,ID,ORDER_ID,PRODUCT_ID,PRODUCT_NAME) values ('725','2','1450','68','62','163','Plátano Granel 500 g');
Insert into FSIII_USER.ORDEN_ITEMS (PRICE,QUANTITY,SUBTOTAL,ID,ORDER_ID,PRODUCT_ID,PRODUCT_NAME) values ('1690','2','3380','61','61','161','Limón Malla, 1 kg');
Insert into FSIII_USER.ORDEN_ITEMS (PRICE,QUANTITY,SUBTOTAL,ID,ORDER_ID,PRODUCT_ID,PRODUCT_NAME) values ('725','3','2175','62','61','163','Plátano Granel 500 g');
Insert into FSIII_USER.ORDEN_ITEMS (PRICE,QUANTITY,SUBTOTAL,ID,ORDER_ID,PRODUCT_ID,PRODUCT_NAME) values ('1950','1','1950','63','61','165','Tomate Larga Vida Malla, 1 Kg');
Insert into FSIII_USER.ORDEN_ITEMS (PRICE,QUANTITY,SUBTOTAL,ID,ORDER_ID,PRODUCT_ID,PRODUCT_NAME) values ('1690','1','1690','64','61','168','Brócoli, 1 Un');
Insert into FSIII_USER.ORDEN_ITEMS (PRICE,QUANTITY,SUBTOTAL,ID,ORDER_ID,PRODUCT_ID,PRODUCT_NAME) values ('2990','1','2990','65','61','164','Palta Hass Malla, 700 g');
Insert into FSIII_USER.ORDEN_ITEMS (PRICE,QUANTITY,SUBTOTAL,ID,ORDER_ID,PRODUCT_ID,PRODUCT_NAME) values ('990','1','990','69','63','170','Manzana Roja Kg');
Insert into FSIII_USER.ORDEN_ITEMS (PRICE,QUANTITY,SUBTOTAL,ID,ORDER_ID,PRODUCT_ID,PRODUCT_NAME) values ('1690','1','1690','70','63','161','Limón Malla, 1 kg');
Insert into FSIII_USER.ORDEN_ITEMS (PRICE,QUANTITY,SUBTOTAL,ID,ORDER_ID,PRODUCT_ID,PRODUCT_NAME) values ('2990','1','2990','71','63','164','Palta Hass Malla, 700 g');
REM INSERTING into FSIII_USER.MESSAGES
SET DEFINE OFF;
Insert into FSIII_USER.MESSAGES (ID,CONTENT,CREATED_AT,ROUTING_KEY) values ('41','Este es un mensaje de prueba 20250123 2257',to_timestamp('23/01/25 23:04:49,307358000','DD/MM/RR HH24:MI:SSXFF'),'myKey');
Insert into FSIII_USER.MESSAGES (ID,CONTENT,CREATED_AT,ROUTING_KEY) values ('42','Este es un mensaje de prueba 20250123 2305',to_timestamp('23/01/25 23:05:44,646511000','DD/MM/RR HH24:MI:SSXFF'),'myKey');
Insert into FSIII_USER.MESSAGES (ID,CONTENT,CREATED_AT,ROUTING_KEY) values ('63','Este es un mensaje de prueba 20250127 2148',to_timestamp('27/01/25 21:49:54,359838000','DD/MM/RR HH24:MI:SSXFF'),'myKey');
Insert into FSIII_USER.MESSAGES (ID,CONTENT,CREATED_AT,ROUTING_KEY) values ('64','Este es un mensaje de prueba 20250127 2150',to_timestamp('27/01/25 21:49:54,506699000','DD/MM/RR HH24:MI:SSXFF'),'myKey');
Insert into FSIII_USER.MESSAGES (ID,CONTENT,CREATED_AT,ROUTING_KEY) values ('1','Test message',to_timestamp('18/01/25 18:52:58,053429000','DD/MM/RR HH24:MI:SSXFF'),'test.route');
Insert into FSIII_USER.MESSAGES (ID,CONTENT,CREATED_AT,ROUTING_KEY) values ('2','test 20250118 1907',to_timestamp('18/01/25 19:08:08,833345000','DD/MM/RR HH24:MI:SSXFF'),'myKey');
Insert into FSIII_USER.MESSAGES (ID,CONTENT,CREATED_AT,ROUTING_KEY) values ('21','test 20250120 2043',to_timestamp('20/01/25 20:43:28,511890000','DD/MM/RR HH24:MI:SSXFF'),'myKey');
Insert into FSIII_USER.MESSAGES (ID,CONTENT,CREATED_AT,ROUTING_KEY) values ('22','test 20250120 2050',to_timestamp('20/01/25 20:50:21,808550000','DD/MM/RR HH24:MI:SSXFF'),'myKey');
Insert into FSIII_USER.MESSAGES (ID,CONTENT,CREATED_AT,ROUTING_KEY) values ('61','Este es un mensaje de prueba 20250127 2142',to_timestamp('27/01/25 21:44:37,252446000','DD/MM/RR HH24:MI:SSXFF'),'myKey');
Insert into FSIII_USER.MESSAGES (ID,CONTENT,CREATED_AT,ROUTING_KEY) values ('62','Este es un mensaje de prueba 20250127 2143',to_timestamp('27/01/25 21:44:37,516680000','DD/MM/RR HH24:MI:SSXFF'),'myKey');
REM INSERTING into FSIII_USER.LIBROS
SET DEFINE OFF;
Insert into FSIII_USER.LIBROS (ANIO_PUBLICACION,ID,AUTOR,GENERO,TITULO) values ('1967','1','Gabriel García Márquez','Novela','Cien años de soledad');
Insert into FSIII_USER.LIBROS (ANIO_PUBLICACION,ID,AUTOR,GENERO,TITULO) values ('1949','2','George Orwell','Ciencia ficción distópica','1984');
Insert into FSIII_USER.LIBROS (ANIO_PUBLICACION,ID,AUTOR,GENERO,TITULO) values ('1954','3','J.R.R. Tolkien','Fantasía épica','El señor de los anillos');
Insert into FSIII_USER.LIBROS (ANIO_PUBLICACION,ID,AUTOR,GENERO,TITULO) values ('1813','4','Jane Austen','Novela romántica','Orgullo y prejuicio');
Insert into FSIII_USER.LIBROS (ANIO_PUBLICACION,ID,AUTOR,GENERO,TITULO) values ('1605','5','Miguel de Cervantes','Novela','Don Quijote de la Mancha');
Insert into FSIII_USER.LIBROS (ANIO_PUBLICACION,ID,AUTOR,GENERO,TITULO) values ('1866','6','Fiódor Dostoyevski','Novela psicológica','Crimen y castigo');
Insert into FSIII_USER.LIBROS (ANIO_PUBLICACION,ID,AUTOR,GENERO,TITULO) values ('1981','7','Gabriel García Márquez','Novela','Crónica de una muerte anunciada');
Insert into FSIII_USER.LIBROS (ANIO_PUBLICACION,ID,AUTOR,GENERO,TITULO) values ('1943','8','Antoine de Saint-Exupéry','Literatura infantil','El principito');
Insert into FSIII_USER.LIBROS (ANIO_PUBLICACION,ID,AUTOR,GENERO,TITULO) values ('1963','9','Julio Cortázar','Novela experimental','Rayuela');
--------------------------------------------------------
--  DDL for Index SYS_C0032866
--------------------------------------------------------

  CREATE UNIQUE INDEX "FSIII_USER"."SYS_C0032866" ON "FSIII_USER"."ALERTS" ("ID") 
  PCTFREE 10 INITRANS 20 MAXTRANS 255 COMPUTE STATISTICS 
  STORAGE(INITIAL 65536 NEXT 1048576 MINEXTENTS 1 MAXEXTENTS 2147483645
  PCTINCREASE 0 FREELISTS 1 FREELIST GROUPS 1
  BUFFER_POOL DEFAULT FLASH_CACHE DEFAULT CELL_FLASH_CACHE DEFAULT)
  TABLESPACE "DATA" ;
--------------------------------------------------------
--  DDL for Index SYS_C0032870
--------------------------------------------------------

  CREATE UNIQUE INDEX "FSIII_USER"."SYS_C0032870" ON "FSIII_USER"."PATIENTS" ("ID") 
  PCTFREE 10 INITRANS 20 MAXTRANS 255 COMPUTE STATISTICS 
  STORAGE(INITIAL 65536 NEXT 1048576 MINEXTENTS 1 MAXEXTENTS 2147483645
  PCTINCREASE 0 FREELISTS 1 FREELIST GROUPS 1
  BUFFER_POOL DEFAULT FLASH_CACHE DEFAULT CELL_FLASH_CACHE DEFAULT)
  TABLESPACE "DATA" ;
--------------------------------------------------------
--  DDL for Index SYS_C0031880
--------------------------------------------------------

  CREATE UNIQUE INDEX "FSIII_USER"."SYS_C0031880" ON "FSIII_USER"."USUARIOS" ("ID") 
  PCTFREE 10 INITRANS 20 MAXTRANS 255 COMPUTE STATISTICS 
  STORAGE(INITIAL 65536 NEXT 1048576 MINEXTENTS 1 MAXEXTENTS 2147483645
  PCTINCREASE 0 FREELISTS 1 FREELIST GROUPS 1
  BUFFER_POOL DEFAULT FLASH_CACHE DEFAULT CELL_FLASH_CACHE DEFAULT)
  TABLESPACE "DATA" ;
--------------------------------------------------------
--  DDL for Index UKKFSP0S1TFLM1CWLJ8IDHQSAD0
--------------------------------------------------------

  CREATE UNIQUE INDEX "FSIII_USER"."UKKFSP0S1TFLM1CWLJ8IDHQSAD0" ON "FSIII_USER"."USUARIOS" ("EMAIL") 
  PCTFREE 10 INITRANS 20 MAXTRANS 255 COMPUTE STATISTICS 
  STORAGE(INITIAL 65536 NEXT 1048576 MINEXTENTS 1 MAXEXTENTS 2147483645
  PCTINCREASE 0 FREELISTS 1 FREELIST GROUPS 1
  BUFFER_POOL DEFAULT FLASH_CACHE DEFAULT CELL_FLASH_CACHE DEFAULT)
  TABLESPACE "DATA" ;
--------------------------------------------------------
--  DDL for Index SYS_C0032874
--------------------------------------------------------

  CREATE UNIQUE INDEX "FSIII_USER"."SYS_C0032874" ON "FSIII_USER"."VITAL_SIGNS" ("ID") 
  PCTFREE 10 INITRANS 20 MAXTRANS 255 COMPUTE STATISTICS 
  STORAGE(INITIAL 65536 NEXT 1048576 MINEXTENTS 1 MAXEXTENTS 2147483645
  PCTINCREASE 0 FREELISTS 1 FREELIST GROUPS 1
  BUFFER_POOL DEFAULT FLASH_CACHE DEFAULT CELL_FLASH_CACHE DEFAULT)
  TABLESPACE "DATA" ;
--------------------------------------------------------
--  DDL for Index SYS_C0031891
--------------------------------------------------------

  CREATE UNIQUE INDEX "FSIII_USER"."SYS_C0031891" ON "FSIII_USER"."PRODUCTOS" ("ID") 
  PCTFREE 10 INITRANS 20 MAXTRANS 255 COMPUTE STATISTICS 
  STORAGE(INITIAL 65536 NEXT 1048576 MINEXTENTS 1 MAXEXTENTS 2147483645
  PCTINCREASE 0 FREELISTS 1 FREELIST GROUPS 1
  BUFFER_POOL DEFAULT FLASH_CACHE DEFAULT CELL_FLASH_CACHE DEFAULT)
  TABLESPACE "DATA" ;
--------------------------------------------------------
--  DDL for Index SYS_C0032588
--------------------------------------------------------

  CREATE UNIQUE INDEX "FSIII_USER"."SYS_C0032588" ON "FSIII_USER"."ORDENES" ("ID") 
  PCTFREE 10 INITRANS 20 MAXTRANS 255 COMPUTE STATISTICS 
  STORAGE(INITIAL 65536 NEXT 1048576 MINEXTENTS 1 MAXEXTENTS 2147483645
  PCTINCREASE 0 FREELISTS 1 FREELIST GROUPS 1
  BUFFER_POOL DEFAULT FLASH_CACHE DEFAULT CELL_FLASH_CACHE DEFAULT)
  TABLESPACE "DATA" ;
--------------------------------------------------------
--  DDL for Index SYS_C0032581
--------------------------------------------------------

  CREATE UNIQUE INDEX "FSIII_USER"."SYS_C0032581" ON "FSIII_USER"."ORDEN_ITEMS" ("ID") 
  PCTFREE 10 INITRANS 20 MAXTRANS 255 COMPUTE STATISTICS 
  STORAGE(INITIAL 65536 NEXT 1048576 MINEXTENTS 1 MAXEXTENTS 2147483645
  PCTINCREASE 0 FREELISTS 1 FREELIST GROUPS 1
  BUFFER_POOL DEFAULT FLASH_CACHE DEFAULT CELL_FLASH_CACHE DEFAULT)
  TABLESPACE "DATA" ;
--------------------------------------------------------
--  DDL for Index SYS_C0032989
--------------------------------------------------------

  CREATE UNIQUE INDEX "FSIII_USER"."SYS_C0032989" ON "FSIII_USER"."MESSAGES" ("ID") 
  PCTFREE 10 INITRANS 20 MAXTRANS 255 COMPUTE STATISTICS 
  STORAGE(INITIAL 65536 NEXT 1048576 MINEXTENTS 1 MAXEXTENTS 2147483645
  PCTINCREASE 0 FREELISTS 1 FREELIST GROUPS 1
  BUFFER_POOL DEFAULT FLASH_CACHE DEFAULT CELL_FLASH_CACHE DEFAULT)
  TABLESPACE "DATA" ;
--------------------------------------------------------
--  DDL for Index SYS_C0031753
--------------------------------------------------------

  CREATE UNIQUE INDEX "FSIII_USER"."SYS_C0031753" ON "FSIII_USER"."LIBROS" ("ID") 
  PCTFREE 10 INITRANS 20 MAXTRANS 255 COMPUTE STATISTICS 
  STORAGE(INITIAL 65536 NEXT 1048576 MINEXTENTS 1 MAXEXTENTS 2147483645
  PCTINCREASE 0 FREELISTS 1 FREELIST GROUPS 1
  BUFFER_POOL DEFAULT FLASH_CACHE DEFAULT CELL_FLASH_CACHE DEFAULT)
  TABLESPACE "DATA" ;
--------------------------------------------------------
--  Constraints for Table ALERTS
--------------------------------------------------------

  ALTER TABLE "FSIII_USER"."ALERTS" MODIFY ("ID" NOT NULL ENABLE);
  ALTER TABLE "FSIII_USER"."ALERTS" MODIFY ("ALERT_TYPE" NOT NULL ENABLE);
  ALTER TABLE "FSIII_USER"."ALERTS" MODIFY ("TIMESTAMP" NOT NULL ENABLE);
  ALTER TABLE "FSIII_USER"."ALERTS" MODIFY ("PATIENT_ID" NOT NULL ENABLE);
  ALTER TABLE "FSIII_USER"."ALERTS" ADD CHECK (is_active in (0,1)) ENABLE;
  ALTER TABLE "FSIII_USER"."ALERTS" ADD PRIMARY KEY ("ID")
  USING INDEX PCTFREE 10 INITRANS 20 MAXTRANS 255 COMPUTE STATISTICS 
  STORAGE(INITIAL 65536 NEXT 1048576 MINEXTENTS 1 MAXEXTENTS 2147483645
  PCTINCREASE 0 FREELISTS 1 FREELIST GROUPS 1
  BUFFER_POOL DEFAULT FLASH_CACHE DEFAULT CELL_FLASH_CACHE DEFAULT)
  TABLESPACE "DATA"  ENABLE;
--------------------------------------------------------
--  Constraints for Table PATIENTS
--------------------------------------------------------

  ALTER TABLE "FSIII_USER"."PATIENTS" MODIFY ("ID" NOT NULL ENABLE);
  ALTER TABLE "FSIII_USER"."PATIENTS" MODIFY ("NAME" NOT NULL ENABLE);
  ALTER TABLE "FSIII_USER"."PATIENTS" MODIFY ("RUT" NOT NULL ENABLE);
  ALTER TABLE "FSIII_USER"."PATIENTS" ADD PRIMARY KEY ("ID")
  USING INDEX PCTFREE 10 INITRANS 20 MAXTRANS 255 COMPUTE STATISTICS 
  STORAGE(INITIAL 65536 NEXT 1048576 MINEXTENTS 1 MAXEXTENTS 2147483645
  PCTINCREASE 0 FREELISTS 1 FREELIST GROUPS 1
  BUFFER_POOL DEFAULT FLASH_CACHE DEFAULT CELL_FLASH_CACHE DEFAULT)
  TABLESPACE "DATA"  ENABLE;
--------------------------------------------------------
--  Constraints for Table USUARIOS
--------------------------------------------------------

  ALTER TABLE "FSIII_USER"."USUARIOS" MODIFY ("ID" NOT NULL ENABLE);
  ALTER TABLE "FSIII_USER"."USUARIOS" MODIFY ("APELLIDO" NOT NULL ENABLE);
  ALTER TABLE "FSIII_USER"."USUARIOS" MODIFY ("DIRECCION" NOT NULL ENABLE);
  ALTER TABLE "FSIII_USER"."USUARIOS" MODIFY ("EMAIL" NOT NULL ENABLE);
  ALTER TABLE "FSIII_USER"."USUARIOS" MODIFY ("NOMBRE" NOT NULL ENABLE);
  ALTER TABLE "FSIII_USER"."USUARIOS" MODIFY ("PASSWORD" NOT NULL ENABLE);
  ALTER TABLE "FSIII_USER"."USUARIOS" MODIFY ("ROLE" NOT NULL ENABLE);
  ALTER TABLE "FSIII_USER"."USUARIOS" ADD CHECK (role in ('ADMIN','CLIENTE')) ENABLE;
  ALTER TABLE "FSIII_USER"."USUARIOS" ADD PRIMARY KEY ("ID")
  USING INDEX PCTFREE 10 INITRANS 20 MAXTRANS 255 COMPUTE STATISTICS 
  STORAGE(INITIAL 65536 NEXT 1048576 MINEXTENTS 1 MAXEXTENTS 2147483645
  PCTINCREASE 0 FREELISTS 1 FREELIST GROUPS 1
  BUFFER_POOL DEFAULT FLASH_CACHE DEFAULT CELL_FLASH_CACHE DEFAULT)
  TABLESPACE "DATA"  ENABLE;
  ALTER TABLE "FSIII_USER"."USUARIOS" ADD CONSTRAINT "UKKFSP0S1TFLM1CWLJ8IDHQSAD0" UNIQUE ("EMAIL")
  USING INDEX PCTFREE 10 INITRANS 20 MAXTRANS 255 COMPUTE STATISTICS 
  STORAGE(INITIAL 65536 NEXT 1048576 MINEXTENTS 1 MAXEXTENTS 2147483645
  PCTINCREASE 0 FREELISTS 1 FREELIST GROUPS 1
  BUFFER_POOL DEFAULT FLASH_CACHE DEFAULT CELL_FLASH_CACHE DEFAULT)
  TABLESPACE "DATA"  ENABLE;
--------------------------------------------------------
--  Constraints for Table VITAL_SIGNS
--------------------------------------------------------

  ALTER TABLE "FSIII_USER"."VITAL_SIGNS" MODIFY ("ID" NOT NULL ENABLE);
  ALTER TABLE "FSIII_USER"."VITAL_SIGNS" MODIFY ("TIMESTAMP" NOT NULL ENABLE);
  ALTER TABLE "FSIII_USER"."VITAL_SIGNS" MODIFY ("PATIENT_ID" NOT NULL ENABLE);
  ALTER TABLE "FSIII_USER"."VITAL_SIGNS" ADD PRIMARY KEY ("ID")
  USING INDEX PCTFREE 10 INITRANS 20 MAXTRANS 255 COMPUTE STATISTICS 
  STORAGE(INITIAL 65536 NEXT 1048576 MINEXTENTS 1 MAXEXTENTS 2147483645
  PCTINCREASE 0 FREELISTS 1 FREELIST GROUPS 1
  BUFFER_POOL DEFAULT FLASH_CACHE DEFAULT CELL_FLASH_CACHE DEFAULT)
  TABLESPACE "DATA"  ENABLE;
--------------------------------------------------------
--  Constraints for Table PRODUCTOS
--------------------------------------------------------

  ALTER TABLE "FSIII_USER"."PRODUCTOS" MODIFY ("ID" NOT NULL ENABLE);
  ALTER TABLE "FSIII_USER"."PRODUCTOS" MODIFY ("ACTIVO" NOT NULL ENABLE);
  ALTER TABLE "FSIII_USER"."PRODUCTOS" MODIFY ("CATEGORIA" NOT NULL ENABLE);
  ALTER TABLE "FSIII_USER"."PRODUCTOS" MODIFY ("DESCRIPCION" NOT NULL ENABLE);
  ALTER TABLE "FSIII_USER"."PRODUCTOS" MODIFY ("NOMBRE" NOT NULL ENABLE);
  ALTER TABLE "FSIII_USER"."PRODUCTOS" MODIFY ("PRECIO" NOT NULL ENABLE);
  ALTER TABLE "FSIII_USER"."PRODUCTOS" MODIFY ("STOCK" NOT NULL ENABLE);
  ALTER TABLE "FSIII_USER"."PRODUCTOS" ADD CHECK (activo in (0,1)) ENABLE;
  ALTER TABLE "FSIII_USER"."PRODUCTOS" ADD CHECK (stock>=0) ENABLE;
  ALTER TABLE "FSIII_USER"."PRODUCTOS" ADD PRIMARY KEY ("ID")
  USING INDEX PCTFREE 10 INITRANS 20 MAXTRANS 255 COMPUTE STATISTICS 
  STORAGE(INITIAL 65536 NEXT 1048576 MINEXTENTS 1 MAXEXTENTS 2147483645
  PCTINCREASE 0 FREELISTS 1 FREELIST GROUPS 1
  BUFFER_POOL DEFAULT FLASH_CACHE DEFAULT CELL_FLASH_CACHE DEFAULT)
  TABLESPACE "DATA"  ENABLE;
--------------------------------------------------------
--  Constraints for Table ORDENES
--------------------------------------------------------

  ALTER TABLE "FSIII_USER"."ORDENES" MODIFY ("TOTAL" NOT NULL ENABLE);
  ALTER TABLE "FSIII_USER"."ORDENES" MODIFY ("ID" NOT NULL ENABLE);
  ALTER TABLE "FSIII_USER"."ORDENES" MODIFY ("USER_ID" NOT NULL ENABLE);
  ALTER TABLE "FSIII_USER"."ORDENES" MODIFY ("STATUS" NOT NULL ENABLE);
  ALTER TABLE "FSIII_USER"."ORDENES" MODIFY ("USER_NAME" NOT NULL ENABLE);
  ALTER TABLE "FSIII_USER"."ORDENES" ADD CHECK (status in ('PENDIENTE','ENTREGADA','CANCELADA')) ENABLE;
  ALTER TABLE "FSIII_USER"."ORDENES" ADD PRIMARY KEY ("ID")
  USING INDEX PCTFREE 10 INITRANS 20 MAXTRANS 255 COMPUTE STATISTICS 
  STORAGE(INITIAL 65536 NEXT 1048576 MINEXTENTS 1 MAXEXTENTS 2147483645
  PCTINCREASE 0 FREELISTS 1 FREELIST GROUPS 1
  BUFFER_POOL DEFAULT FLASH_CACHE DEFAULT CELL_FLASH_CACHE DEFAULT)
  TABLESPACE "DATA"  ENABLE;
--------------------------------------------------------
--  Constraints for Table ORDEN_ITEMS
--------------------------------------------------------

  ALTER TABLE "FSIII_USER"."ORDEN_ITEMS" MODIFY ("PRICE" NOT NULL ENABLE);
  ALTER TABLE "FSIII_USER"."ORDEN_ITEMS" MODIFY ("QUANTITY" NOT NULL ENABLE);
  ALTER TABLE "FSIII_USER"."ORDEN_ITEMS" MODIFY ("SUBTOTAL" NOT NULL ENABLE);
  ALTER TABLE "FSIII_USER"."ORDEN_ITEMS" MODIFY ("ID" NOT NULL ENABLE);
  ALTER TABLE "FSIII_USER"."ORDEN_ITEMS" MODIFY ("ORDER_ID" NOT NULL ENABLE);
  ALTER TABLE "FSIII_USER"."ORDEN_ITEMS" MODIFY ("PRODUCT_ID" NOT NULL ENABLE);
  ALTER TABLE "FSIII_USER"."ORDEN_ITEMS" MODIFY ("PRODUCT_NAME" NOT NULL ENABLE);
  ALTER TABLE "FSIII_USER"."ORDEN_ITEMS" ADD PRIMARY KEY ("ID")
  USING INDEX PCTFREE 10 INITRANS 20 MAXTRANS 255 COMPUTE STATISTICS 
  STORAGE(INITIAL 65536 NEXT 1048576 MINEXTENTS 1 MAXEXTENTS 2147483645
  PCTINCREASE 0 FREELISTS 1 FREELIST GROUPS 1
  BUFFER_POOL DEFAULT FLASH_CACHE DEFAULT CELL_FLASH_CACHE DEFAULT)
  TABLESPACE "DATA"  ENABLE;
--------------------------------------------------------
--  Constraints for Table MESSAGES
--------------------------------------------------------

  ALTER TABLE "FSIII_USER"."MESSAGES" MODIFY ("ID" NOT NULL ENABLE);
  ALTER TABLE "FSIII_USER"."MESSAGES" MODIFY ("CONTENT" NOT NULL ENABLE);
  ALTER TABLE "FSIII_USER"."MESSAGES" ADD PRIMARY KEY ("ID")
  USING INDEX PCTFREE 10 INITRANS 20 MAXTRANS 255 COMPUTE STATISTICS 
  STORAGE(INITIAL 65536 NEXT 1048576 MINEXTENTS 1 MAXEXTENTS 2147483645
  PCTINCREASE 0 FREELISTS 1 FREELIST GROUPS 1
  BUFFER_POOL DEFAULT FLASH_CACHE DEFAULT CELL_FLASH_CACHE DEFAULT)
  TABLESPACE "DATA"  ENABLE;
--------------------------------------------------------
--  Constraints for Table LIBROS
--------------------------------------------------------

  ALTER TABLE "FSIII_USER"."LIBROS" MODIFY ("ID" NOT NULL ENABLE);
  ALTER TABLE "FSIII_USER"."LIBROS" MODIFY ("AUTOR" NOT NULL ENABLE);
  ALTER TABLE "FSIII_USER"."LIBROS" MODIFY ("GENERO" NOT NULL ENABLE);
  ALTER TABLE "FSIII_USER"."LIBROS" MODIFY ("TITULO" NOT NULL ENABLE);
  ALTER TABLE "FSIII_USER"."LIBROS" ADD PRIMARY KEY ("ID")
  USING INDEX PCTFREE 10 INITRANS 20 MAXTRANS 255 COMPUTE STATISTICS 
  STORAGE(INITIAL 65536 NEXT 1048576 MINEXTENTS 1 MAXEXTENTS 2147483645
  PCTINCREASE 0 FREELISTS 1 FREELIST GROUPS 1
  BUFFER_POOL DEFAULT FLASH_CACHE DEFAULT CELL_FLASH_CACHE DEFAULT)
  TABLESPACE "DATA"  ENABLE;
--------------------------------------------------------
--  Ref Constraints for Table ALERTS
--------------------------------------------------------

  ALTER TABLE "FSIII_USER"."ALERTS" ADD CONSTRAINT "FK19SX6Y77Y6X0751TD8NATBF73" FOREIGN KEY ("PATIENT_ID")
	  REFERENCES "FSIII_USER"."PATIENTS" ("ID") ENABLE;
--------------------------------------------------------
--  Ref Constraints for Table VITAL_SIGNS
--------------------------------------------------------

  ALTER TABLE "FSIII_USER"."VITAL_SIGNS" ADD CONSTRAINT "FK3IFXNN3RJQ0QNPBHMDY2C03GI" FOREIGN KEY ("PATIENT_ID")
	  REFERENCES "FSIII_USER"."PATIENTS" ("ID") ENABLE;
--------------------------------------------------------
--  Ref Constraints for Table ORDEN_ITEMS
--------------------------------------------------------

  ALTER TABLE "FSIII_USER"."ORDEN_ITEMS" ADD CONSTRAINT "FKTGTMBS4GJ2KKV7SRIV2N7CE4R" FOREIGN KEY ("ORDER_ID")
	  REFERENCES "FSIII_USER"."ORDENES" ("ID") ENABLE;
